﻿<?xml version="1.0" encoding="utf-8" ?>
<Methods>
  <Method key="GetModels" type="ModelsResource" Value="edoc-etc-processManage/getProcessManageList" BaseUrl="ActivtiExtBaseUrl"></Method>
  <Method key="GetModelById" type="ModelsResource" Value="无" BaseUrl=""></Method>
  <Method key="AddModel" type="ModelsResource" Value="edoc-etc-processManage/saveProcessManage"  BaseUrl="ActivtiExtBaseUrl"></Method>
  <Method key="UpdateBpmnDesign" type="ModelsResource"  Value="edoc-etc-processManage/updateXmlById" BaseUrl="ActivtiExtBaseUrl"></Method>
  <Method key="UpdateModel" type="ModelsResource"  Value="edoc-etc-processManage/saveProcessManage"  BaseUrl="ActivtiExtBaseUrl"></Method>
  <Method key="DeleteModel" type="ModelsResource"  Value="edoc-etc-processManage/{id}/deleteProcessManage"  BaseUrl="ActivtiExtBaseUrl"></Method>
  <Method key="UploadModelBpmnSource" type="ModelsResource"  Value="repository/models/{modelId}/source"  BaseUrl="ActivtiExtBaseUrl"></Method>
  <Method key="GetModelBpmnSource" type="ModelsResource"  Value="repository/models/{modelId}/source"  BaseUrl="ActivtiExtBaseUrl"></Method>
  <Method key="GetModelExtraSource" type="ModelsResource"  Value="repository/models/{modelId}/source-extra"  BaseUrl=""></Method>
  <Method key="UploadModelExtraSource" type="ModelsResource"  Value="repository/models/{modelId}/source-extra"  BaseUrl=""></Method>
  <Method key="UploadModelBpmnSourceExt" type="ModelsResource"  Value="repository/models/{modelId}/source/xml" BaseUrl="ActivtiExtBaseUrl"></Method>
  <Method key="GetModelBpmnSourceExt" type="ModelsResource"  Value="repository/models/{modelId}/source/xml" BaseUrl="ActivtiExtBaseUrl"></Method>
  <Method key="DeployByModel" type="ModelsResource"  Value="edoc-processdefinition/deploy" BaseUrl="ActivtiExtBaseUrl"></Method>
  <Method key="DeleteCascade" type="ModelsResource"  Value="edoc-etc-processManage/{id}/deleteProcessManage" BaseUrl="ActivtiExtBaseUrl"></Method>
  <Method key="GetProcessXml" type="ModelsResource"  Value="repository/models/{modelId}/getProcessXml" BaseUrl="ActivtiExtBaseUrl"></Method>
  <Method key="ImportModel" type="ModelsResource"  Value="edoc-etc-processManage/importBpmnDesign" BaseUrl="ActivtiExtBaseUrl"></Method>
  <Method key="SaveNewModelSource" type="ModelsResource"  Value="design/saveBpmDesignInfo" BaseUrl="ActivtiExtBaseUrl"></Method>
  <Method key="UpdateNewModelSource" type="ModelsResource"  Value="design/updateBpmDesignInfo"  BaseUrl="ActivtiExtBaseUrl"></Method>
  <Method key="GetBpmDesignInfo" type="ModelsResource"  Value="edoc-etc-processManage/getProcessManageById" BaseUrl="ActivtiExtBaseUrl"></Method>
  <Method key="GetBpmProcessBean" type="ModelsResource"  Value="design/getBpmDesignInfo" BaseUrl="ActivtiExtBaseUrl"></Method>
  <Method key="GetProcessDefinition" type="ProcessDefinitionResource" Value="edoc-processdefinition/getProcessDefinitions" BaseUrl=""></Method>
  <Method key="SetProcessDefinitionState" type="ProcessDefinitionResource" Value="edoc-processdefinition/activeAndSuspendProcessDefinition/{processDefinitionId}" BaseUrl=""></Method>
  <Method key="GetStartFormKey" type="ProcessDefinitionResource" Value="edoc-processdefinition/getStartFormKey" BaseUrl="ActivtiExtBaseUrl"></Method>
  <!-- bangguo.tang 2019/3/22 新增接口获取表单号以及版本号。逗号隔开-->
  <Method key="GetStartFormKeyInCludeFormVersion" type="ProcessDefinitionResource" Value="edoc-processdefinition/getStartFormKeyInCludeFormVersion" BaseUrl="ActivtiExtBaseUrl"></Method>

  <Method key="GetProcessLogInfo" type="ProcessDefinitionResource" Value="edoc-processInstance/getProcessInstanceTraceInfo" BaseUrl="ActivtiExtBaseUrl"></Method>
  <Method key="GetProcessLogs" type="ProcessDefinitionResource" Value="edoc-processInstance/getProcessLogs" BaseUrl="ActivtiExtBaseUrl"></Method>
  <Method key="UpdateProcessGroup" type="ProcessDefinitionResource" Value="edoc-processdefinition/updateProcessCategory" BaseUrl="ActivtiExtBaseUrl"></Method>
  <Method key="GetModelVariables" type="ProcessVariableResource" Value="edoc-etc-processManage/getBpmnVars" BaseUrl="ActivtiExtBaseUrl"></Method>t
  <Method key="GetVars" type="ProcessVariableResource" Value="edoc-etc-processManage/getVars" BaseUrl="ActivtiExtBaseUrl"></Method>
  <!--<Method key="AddModelVariable" type="ProcessVariableResource" Value="edoc-etc-processManage/getProcessManageList" BaseUrl="ActivtiExtBaseUrl"></Method>-->
  <Method key="SaveOrUpadteVars" type="ProcessVariableResource" Value="edoc-etc-processManage/saveOrUpdateBpmnVars" BaseUrl="ActivtiExtBaseUrl"></Method>
  <!--<Method key="UpdateModelVariable" type="ProcessVariableResource" Value="edoc-etc-processManage/getProcessManageList" BaseUrl="ActivtiExtBaseUrl"></Method>-->
  <Method key="DeleteModelVariable" type="ProcessVariableResource" Value="edoc-etc-processManage/deleteBpmnVar" BaseUrl="ActivtiExtBaseUrl"></Method>
  <Method key="GetProcessInstance" type="ProcessInstanceResource" Value="runtime/process-instances/{processInstanceId}" BaseUrl="ActivtiExtBaseUrl"></Method>
  <Method key="GetInboxList" type="TaskResource" Value="runtime/tasks/getInboxList" BaseUrl="ActivtiExtBaseUrl"></Method>
  <Method key="GetTaskCount" type="TaskResource" Value="edoc-task/{type}/{groupType}/getCountByUserId" BaseUrl="ActivtiExtBaseUrl"></Method>
  <Method key="GetApplyList" type="TaskResource" Value="edoc-processdefinition/getProcessDefinitionList" BaseUrl="ActivtiExtBaseUrl"></Method>
  <Method key="GetCompleteList" type="TaskResource" Value="runtime/tasks/getCompleteList" BaseUrl="ActivtiExtBaseUrl"></Method>
  <Method key="GetInitList" type="TaskResource" Value="edoc-processInstance/getInitList" BaseUrl="ActivtiExtBaseUrl"></Method>
  <Method key="GetArchiveList" type="TaskResource" Value="runtime/tasks/getFinishedList" BaseUrl="ActivtiExtBaseUrl"></Method>
  <Method key="StartProcessInstance" type="TaskResource" Value="edoc-processInstance/startProcessInstance" BaseUrl="ActivtiExtBaseUrl"></Method>
  <Method key="CompleteTask" type="TaskResource" Value="edoc-task/{taskId}/completeTask" BaseUrl="ActivtiExtBaseUrl"></Method>
  <Method key="RejectPrevActivity" type="TaskResource" Value="edoc-task/rejectPrevActivity" BaseUrl="ActivtiExtBaseUrl"></Method>
  <Method key="RejectStarterActivity" type="TaskResource" Value="edoc-task/rejectStarterActivity" BaseUrl="ActivtiExtBaseUrl"></Method>
  <Method key="GetTask" type="TaskResource" Value="runtime/tasks/{taskId}" BaseUrl="ActivtiExtBaseUrl"></Method>
  <Method key="PlusSign" type="TaskResource" Value="edoc-task/{taskId}/{plusSignType}/plusSign" BaseUrl="ActivtiExtBaseUrl"></Method>
  <Method key="GetActivityInfo" type="TaskResource" Value="edoc-task/{taskId}/getActivityInfo" BaseUrl="ActivtiExtBaseUrl"></Method>
  <Method key="Revocation" type="TaskResource" Value="edoc-task/{taskId}/resolveTask" BaseUrl="ActivtiExtBaseUrl"></Method>
  <Method key="DeleteProcessInstance" type="ProcessInstanceResource" Value="edoc-processInstance/{processInstanceId}/deleteProcessInstance" BaseUrl="ActivtiExtBaseUrl"></Method>
  <Method key="AbortProcessInstance" type="ProcessInstanceResource" Value="edoc-processInstance/{processInstanceId}/abortProcessInstance" BaseUrl="ActivtiExtBaseUrl"></Method>
  <Method key="GetLastVersionProcessDefinitionByKey" type="ProcessDefinitionResource" Value="edoc-processdefinition/getLastVersionProcessDefinitionByKey" BaseUrl="ActivtiExtBaseUrl"></Method>
  <Method key="DelegateAllTask" type="TaskResource" Value="edoc-task/delegateAllTask" BaseUrl="ActivtiExtBaseUrl"></Method>
  <Method key="DelegateTasks" type="TaskResource" Value="edoc-task/delegateTasks" BaseUrl="ActivtiExtBaseUrl"></Method>
  <Method key="CancelDelegates" type="TaskResource" Value="edoc-task/cancelDelegates" BaseUrl="ActivtiExtBaseUrl"></Method>
  <Method key="CancelDelegateByAssignee" type="TaskResource" Value="edoc-task/cancelDelegateByAssignee" BaseUrl="ActivtiExtBaseUrl"></Method>
  <Method key="GetHighlighted" type="ProcessDefinitionResource" Value="process-instance/{processInstanceId}/getHighlighted?callback=?" BaseUrl="ActivtiExtBaseUrl"></Method>
  <Method key="Suspension" type="ProcessInstanceResource" Value="edoc-processInstance/stopProcessInstance" BaseUrl="ActivtiExtBaseUrl"></Method>
  <Method key="CheckTaskOverTime" type="TaskResource" Value="edoc-task/checkTaskOverTime" BaseUrl="ActivtiExtBaseUrl"></Method>
  <Method key="TaskOverTimeHandler" type="TaskResource" Value="edoc-task/taskOverTimeHandler" BaseUrl="ActivtiExtBaseUrl"></Method>
  <Method key="GetVarisByProcKey" type="ProcessDefinitionResource" Value="edoc-etc-processManage/getvarisByProcKey" BaseUrl="ActivtiExtBaseUrl"></Method>
  <Method key="GetLastVersionProcessDefinitions" type="ProcessDefinitionResource" Value="edoc-processdefinition/getLastVersionProcessDefinitions" BaseUrl="ActivtiExtBaseUrl"></Method>
  <Method key="GetMyCandidateTasks" type="TaskResource" Value="edoc-task/getMyCandidateTasks" BaseUrl="ActivtiExtBaseUrl"></Method>
  <Method key="ClaimTask" type="TaskResource" Value="edoc-task/claimTask" BaseUrl="ActivtiExtBaseUrl"></Method>
  <Method key="BatchStopProcessInstance" type="ProcessInstanceResource" Value="edoc-processInstance/batchStopProcessInstance" BaseUrl="ActivtiExtBaseUrl"></Method>
  <Method key="BatchCompleteTask" type="TaskResource" Value="edoc-task/batchCompleteTask" BaseUrl="ActivtiExtBaseUrl"></Method>
  <Method key="BatchRejectPrevActivity" type="TaskResource" Value="edoc-task/batchRejectPrevActivity" BaseUrl="ActivtiExtBaseUrl"></Method>
  <Method key="BatchRejectStarterActivity" type="TaskResource" Value="edoc-task/batchRejectStarterActivity" BaseUrl="ActivtiExtBaseUrl"></Method>
  <Method key="GetListSignatureChecked" type="ProcessDefinitionResource" Value="edoc-eform-signature/getList-signature-checked" BaseUrl="ActivtiExtBaseUrl"></Method>
  <Method key="SaveOrUpdateSignData" type="ProcessDefinitionResource" Value="edoc-eform-signature/saveOrUpdateSignData" BaseUrl="ActivtiExtBaseUrl"></Method>
  <Method key="SaveSignature" type="ProcessDefinitionResource" Value="edoc-eform-signature/save-signature" BaseUrl="ActivtiExtBaseUrl"></Method>
  <Method key="DeleteSignature" type="ProcessDefinitionResource" Value="edoc-eform-signature/delete-signature" BaseUrl="ActivtiExtBaseUrl"></Method>
  <Method key="GetListSignature" type="ProcessDefinitionResource" Value="edoc-eform-signature/getList-signature" BaseUrl="ActivtiExtBaseUrl"></Method>
  <Method key="DeleteSignData" type="ProcessDefinitionResource" Value="edoc-eform-signature/deleteSignData" BaseUrl="ActivtiExtBaseUrl"></Method>
  <Method key="GetProcessOverTimeList" type="ProcessDefinitionResource" Value="edoc-processInstance/getProcessOverTimeList" BaseUrl="ActivtiExtBaseUrl"></Method>
  <Method key="DeleteProcessOverTimeByProcessId" type="ProcessDefinitionResource" Value="edoc-processInstance/deleteProcessOverTimeByProcessId" BaseUrl="ActivtiExtBaseUrl"></Method>
  <Method key="UpdateProcessOvertimeCount" type="ProcessDefinitionResource" Value="edoc-processInstance/updateProcessOvertimeCount" BaseUrl="ActivtiExtBaseUrl"></Method>
  <Method key="UpdateProcessOverTimeDay" type="ProcessDefinitionResource" Value="edoc-processInstance/updateProcessOverTimeDay" BaseUrl="ActivtiExtBaseUrl"></Method>
  <Method key="Diagram_layout_Id" type="ProcessDefinitionResource" Value="process-definition/{processDefinitionId}/diagram-layout?callback=?" BaseUrl="ActivtiExtBaseUrl"></Method>
  <Method key="Diagram_layout_Key" type="ProcessDefinitionResource" Value="process-definition/{processDefinitionKey}/diagram-layout?callback=?" BaseUrl="ActivtiExtBaseUrl"></Method>
  <Method key="GetActivityInfos" type="ProcessDefinitionResource" Value="process-instance/{processInstanceId}/getActivityInfos?callback=?" BaseUrl="ActivtiExtBaseUrl"></Method>
  <Method key="GetJwtVerification" type="JwtResource" Value="login/index" BaseUrl="ActivtiExtBaseUrl"></Method>
  <!--获取流程设计状态-->
  <Method key="GetProcessDesignStatus" type="ModelsResource" Value="v5-processManager/getProcessDesignStatus" BaseUrl="ActivtiExtBaseUrl"></Method>
</Methods>