{
  "IcoMoonType": "selection",
  "icons": [
    {
      "icon": {
        "paths": [
          "M512 32c-265.6 0-480 214.4-480 480s214.4 480 480 480 480-214.4 480-480-214.4-480-480-480zM512 928c-230.4 0-416-185.6-416-416s185.6-416 416-416 416 185.6 416 416-185.6 416-416 416z",
          "M473.6 704c0 21.208 17.192 38.4 38.4 38.4s38.4-17.192 38.4-38.4v-0c0-21.208-17.192-38.4-38.4-38.4s-38.4 17.192-38.4 38.4l-0 0z",
          "M512 256c-28.8 0-48 19.2-48 44.8l16 320c0 9.6 16 19.2 32 19.2 19.2 0 32-9.6 32-19.2l16-320c0-25.6-19.2-44.8-48-44.8z"
        ],
        "attrs": [
          {
          },
          {
          },
          {
          }
        ],
        "isMulticolor": false,
        "isMulticolor2": false,
        "grid": 0,
        "tags": [
          "warning"
        ],
        "colorPermutations": {
          "1132255117618320311833567122241161229142312550012552220125525525515354541701231": [
            {
            },
            {
            },
            {
            }
          ]
        }
      },
      "attrs": [
        {
        },
        {
        },
        {
        }
      ],
      "properties": {
        "order": 10,
        "id": 11,
        "name": "warning",
        "prevSize": 32,
        "code": 59656
      },
      "setIdx": 0,
      "setId": 2,
      "iconIdx": 0
    },
    {
      "icon": {
        "paths": [
          "M624 960h-512c-8.837 0-16-7.163-16-16v0-848c0-8.837 7.163-16 16-16v0h512c8.837 0 16 7.163 16 16v0 848c0 8.837-7.163 16-16 16v0zM128 928h480v-816h-480v816z",
          "M992 960h-960c-8.837 0-16-7.163-16-16s7.163-16 16-16v0h960c8.837 0 16 7.163 16 16s-7.163 16-16 16v0z",
          "M912 960h-288c-8.837 0-16-7.163-16-16v0-544c0-8.837 7.163-16 16-16v0h288c8.837 0 16 7.163 16 16v0 544c0 8.837-7.163 16-16 16v0zM640 928h256v-512h-256v512zM472 960h-208c-8.837 0-16-7.163-16-16v0-320c0-8.837 7.163-16 16-16v0h208c8.837 0 16 7.163 16 16v0 320c0 8.837-7.163 16-16 16v0zM280 928h176v-288h-176v288z",
          "M760 960h-136c-8.837 0-16-7.163-16-16v0-192c0-8.837 7.163-16 16-16v0h136c8.837 0 16 7.163 16 16v0 192c0 8.837-7.163 16-16 16v0zM640 928h104v-160h-104v160zM496 272h-256c-8.837 0-16-7.163-16-16s7.163-16 16-16v0h256c8.837 0 16 7.163 16 16s-7.163 16-16 16v0zM496 448h-256c-8.837 0-16-7.163-16-16s7.163-16 16-16v0h256c8.837 0 16 7.163 16 16s-7.163 16-16 16v0zM800 592h-176c-8.837 0-16-7.163-16-16s7.163-16 16-16v0h176c8.837 0 16 7.163 16 16s-7.163 16-16 16v0z"
        ],
        "attrs": [
          {
          },
          {
          },
          {
          },
          {
          }
        ],
        "isMulticolor": false,
        "isMulticolor2": false,
        "grid": 0,
        "tags": [
          "building"
        ],
        "colorPermutations": {
          "1132255117618320311833567122241161229142312550012552220125525525515354541701231": [
            {
            },
            {
            },
            {
            },
            {
            }
          ]
        }
      },
      "attrs": [
        {
        },
        {
        },
        {
        },
        {
        }
      ],
      "properties": {
        "order": 2,
        "id": 10,
        "name": "building",
        "prevSize": 32,
        "code": 59648
      },
      "setIdx": 0,
      "setId": 2,
      "iconIdx": 1
    },
    {
      "icon": {
        "paths": [
          "M583.168 523.776l375.296-375.296c18.944-18.944 18.944-50.176 0-69.12l-2.048-2.048c-18.944-18.944-50.176-18.944-69.12 0l-375.296 375.808-375.296-375.808c-18.944-18.944-50.176-18.944-69.12 0l-2.048 2.048c-19.456 18.944-19.456 50.176 0 69.12l375.296 375.296-375.296 375.296c-18.944 18.944-18.944 50.176 0 69.12l2.048 2.048c18.944 18.944 50.176 18.944 69.12 0l375.296-375.296 375.296 375.296c18.944 18.944 50.176 18.944 69.12 0l2.048-2.048c18.944-18.944 18.944-50.176 0-69.12l-375.296-375.296z"
        ],
        "attrs": [
          {
          }
        ],
        "isMulticolor": false,
        "isMulticolor2": false,
        "grid": 0,
        "tags": [
          "close"
        ],
        "colorPermutations": {
          "1132255117618320311833567122241161229142312550012552220125525525515354541701231": [
            {
            }
          ]
        }
      },
      "attrs": [
        {
        }
      ],
      "properties": {
        "order": 3,
        "id": 8,
        "name": "close",
        "prevSize": 32,
        "code": 59649
      },
      "setIdx": 0,
      "setId": 2,
      "iconIdx": 2
    },
    {
      "icon": {
        "paths": [
          "M628.992 528.992q135.008 42.016 216 150.016t83.008 248.992h-832q2.016-140.992 83.008-248.992t216-150.016l116.992 175.008zM720 304q-2.016 88-60.992 147.008t-147.008 60.992q-88-2.016-147.008-60.992t-60.992-147.008q2.016-88 60.992-147.008t147.008-60.992q88 2.016 147.008 60.992t60.992 147.008z"
        ],
        "attrs": [
          {
          }
        ],
        "isMulticolor": false,
        "isMulticolor2": false,
        "grid": 0,
        "tags": [
          "customer (2)"
        ],
        "colorPermutations": {
          "1132255117618320311833567122241161229142312550012552220125525525515354541701231": [
            {
            }
          ]
        }
      },
      "attrs": [
        {
        }
      ],
      "properties": {
        "order": 4,
        "id": 7,
        "name": "customer-2",
        "prevSize": 32,
        "code": 59650
      },
      "setIdx": 0,
      "setId": 2,
      "iconIdx": 3
    },
    {
      "icon": {
        "paths": [
          "M288 288c0 123.712 100.288 224 224 224s224-100.288 224-224v0c0-123.712-100.288-224-224-224s-224 100.288-224 224v0z",
          "M583.1 517.6l-71.1 71.1-71.1-71.1c-213.6 34.1-376.9 219.2-376.9 442.4h896c0-223.2-163.3-408.3-376.9-442.4zM512 896l-76.7-76.7 76.7-230.3 76.7 230.4-76.7 76.6z"
        ],
        "attrs": [
          {
          },
          {
          }
        ],
        "isMulticolor": false,
        "isMulticolor2": false,
        "grid": 0,
        "tags": [
          "customer"
        ],
        "colorPermutations": {
          "1132255117618320311833567122241161229142312550012552220125525525515354541701231": [
            {
            },
            {
            }
          ]
        }
      },
      "attrs": [
        {
        },
        {
        }
      ],
      "properties": {
        "order": 5,
        "id": 6,
        "name": "customer",
        "prevSize": 32,
        "code": 59651
      },
      "setIdx": 0,
      "setId": 2,
      "iconIdx": 4
    },
    {
      "icon": {
        "paths": [
          "M469.333 469.333v298.667c-0 23.564 19.103 42.667 42.667 42.667s42.667-19.103 42.667-42.667v0-298.667c0-23.564-19.103-42.667-42.667-42.667s-42.667 19.103-42.667 42.667h0zM512 341.333c35.346 0 64-28.654 64-64s-28.654-64-64-64c-35.346 0-64 28.654-64 64v0c0 35.346 28.654 64 64 64v0zM512 981.333c-259.205 0-469.333-210.128-469.333-469.333s210.128-469.333 469.333-469.333c259.205 0 469.333 210.128 469.333 469.333h-0c0 259.205-210.128 469.333-469.333 469.333h0z"
        ],
        "attrs": [
          {
          }
        ],
        "isMulticolor": false,
        "isMulticolor2": false,
        "grid": 0,
        "tags": [
          "info"
        ],
        "colorPermutations": {
          "1132255117618320311833567122241161229142312550012552220125525525515354541701231": [
            {
            }
          ]
        }
      },
      "attrs": [
        {
        }
      ],
      "properties": {
        "order": 6,
        "id": 4,
        "name": "info",
        "prevSize": 32,
        "code": 59652
      },
      "setIdx": 0,
      "setId": 2,
      "iconIdx": 5
    },
    {
      "icon": {
        "paths": [
          "M327.79 384v-128c0-94.257 82.469-170.667 184.21-170.667s184.21 76.41 184.21 170.667v128h92.111v-128c0-141.336-123.77-256-276.322-256s-276.322 114.664-276.322 256v128h92.111zM834.365 426.667h-644.73c-50.81 0.134-91.965 38.266-92.111 85.333v426.667c0.146 47.067 41.301 85.199 92.111 85.333h644.73c50.81-0.134 91.965-38.266 92.111-85.333v-426.667c-0.146-47.067-41.301-85.199-92.111-85.333zM558.056 803.377v135.29h-92.111v-135.29c-63.439-20.785-101.498-80.884-90.112-142.324 11.374-61.44 68.876-106.362 136.168-106.362s124.794 44.91 136.168 106.362c11.386 61.44-26.673 121.539-90.112 142.324z"
        ],
        "attrs": [
          {
            "fill": "rgb(0, 132, 255)"
          }
        ],
        "isMulticolor": false,
        "isMulticolor2": false,
        "grid": 0,
        "tags": [
          "lock (1)"
        ],
        "colorPermutations": {
          "1132255117618320311833567122241161229142312550012552220125525525515354541701231": [
            {
              "f": 8
            }
          ]
        }
      },
      "attrs": [
        {
          "fill": "rgb(0, 132, 255)"
        }
      ],
      "properties": {
        "order": 7,
        "id": 2,
        "name": "lock-1",
        "prevSize": 32,
        "code": 59653
      },
      "setIdx": 0,
      "setId": 2,
      "iconIdx": 6
    },
    {
      "icon": {
        "paths": [
          "M224 448q-14.016 0-23.008 8.992t-8.992 23.008v384q0 14.016 8.992 23.008t23.008 8.992h576q14.016 0 23.008-8.992t8.992-23.008v-384q0-14.016-8.992-23.008t-23.008-8.992h-576zM224 384h576q40.992 0.992 68 28t28 68v384q-0.992 40.992-28 68t-68 28h-576q-40.992-0.992-68-28t-28-68v-384q0.992-40.992 28-68t68-28zM512 544q14.016 0 23.008 8.992t8.992 23.008v192q0 14.016-8.992 23.008t-23.008 8.992-23.008-8.992-8.992-23.008v-192q0-14.016 8.992-23.008t23.008-8.992zM704 384v-64q-2.016-82.016-56-136t-136-56q-82.016 2.016-136 56t-56 136v64h384zM512 64q108.992 3.008 180.992 75.008t75.008 180.992v128h-512v-128q3.008-108.992 75.008-180.992t180.992-75.008z"
        ],
        "attrs": [
          {
          }
        ],
        "isMulticolor": false,
        "isMulticolor2": false,
        "grid": 0,
        "tags": [
          "lock"
        ],
        "colorPermutations": {
          "1132255117618320311833567122241161229142312550012552220125525525515354541701231": [
            {
            }
          ]
        }
      },
      "attrs": [
        {
        }
      ],
      "properties": {
        "order": 8,
        "id": 1,
        "name": "lock",
        "prevSize": 32,
        "code": 59654
      },
      "setIdx": 0,
      "setId": 2,
      "iconIdx": 7
    },
    {
      "icon": {
        "paths": [
          "M510.918 967.433c-58.837 0-115.931-11.53-169.696-34.271-51.915-21.958-98.532-53.386-138.558-93.411s-71.454-86.644-93.412-138.558c-22.741-53.766-34.271-110.859-34.271-169.696 0-146.698 73.122-282.681 195.6-363.755l1.409-0.929c14.775-9.696 34.615-5.577 44.31 9.199 9.696 14.776 5.577 34.614-9.199 44.31l-1.176 0.775c-104.542 69.201-166.944 185.234-166.944 310.399 0 205.087 166.85 371.937 371.937 371.937 205.086 0 371.937-166.85 371.937-371.937 0-124.206-61.66-239.744-164.942-309.065-14.674-9.849-18.585-29.729-8.736-44.404s29.731-18.585 44.403-8.737c121.023 81.229 193.275 216.633 193.275 362.206 0 58.837-11.53 115.931-34.271 169.696-21.958 51.914-53.386 98.532-93.411 138.558s-86.644 71.453-138.559 93.411c-53.764 22.741-110.858 34.272-169.696 34.272z",
          "M510.918 586.962c-17.673 0-32-14.327-32-32v-467.717c0-17.673 14.327-32 32-32s32 14.327 32 32v467.717c0 17.673-14.326 32-32 32z"
        ],
        "attrs": [
          {
          },
          {
          }
        ],
        "isMulticolor": false,
        "isMulticolor2": false,
        "grid": 0,
        "tags": [
          "logout"
        ],
        "colorPermutations": {
          "1132255117618320311833567122241161229142312550012552220125525525515354541701231": [
            {
            },
            {
            }
          ]
        }
      },
      "attrs": [
        {
        },
        {
        }
      ],
      "properties": {
        "order": 9,
        "id": 0,
        "name": "logout",
        "prevSize": 32,
        "code": 59655
      },
      "setIdx": 0,
      "setId": 2,
      "iconIdx": 8
    }
  ],
  "height": 1024,
  "metadata": {
    "name": "gmpfont"
  },
  "preferences": {
    "showGlyphs": true,
    "showQuickUse": true,
    "showQuickUse2": true,
    "showSVGs": true,
    "fontPref": {
      "prefix": "icon-",
      "metadata": {
        "fontFamily": "gmpfont",
        "majorVersion": 1,
        "minorVersion": 0
      },
      "metrics": {
        "emSize": 1024,
        "baseline": 6.25,
        "whitespace": 50
      },
      "embed": false
    },
    "imagePref": {
      "prefix": "icon-",
      "png": true,
      "useClassSelector": true,
      "color": 0,
      "bgColor": 16777215,
      "classSelector": ".icon"
    },
    "historySize": 50,
    "showCodes": true,
    "gridSize": 16
  }
}